Year,Month,Air Pollutants (PPM),Vehicles (Count),Factories (Count),Land Use & Biomass (Hectares),Combustion (PPM),Trees (Count),CO2 Levels (PPM)
1950,1,54.09910704602095,17830,147,119.66091816588882,103.97887738191193,2196,12704.149031225625
1950,2,35.51374789338479,19874,132,932.3664512099714,468.03948388902296,8392,14418.677521402591
1950,3,24.286854274230443,2534,309,414.677529173133,246.84695838256272,9803,2023.39943216468
1950,4,48.82450727760271,4604,265,430.37916073322117,273.86289529049947,9815,3472.2605265933944
1950,5,90.73295376739901,15672,850,783.5926675556578,434.49327698142656,7162,12347.471569899162
1950,6,32.997805521807464,13556,284,574.2038103956858,313.6008621226682,6764,9980.820888740142
1950,7,42.563679841655386,4884,371,425.83793953434287,185.65261465025435,4613,3963.938221075884
1950,8,78.19507136844263,4052,947,895.2556869524378,293.35119698051403,4904,4352.334771541449
1950,9,17.404596292643927,19913,447,842.8412921445235,331.1874939942851,2829,14950.036862305002
1950,10,84.25634958983373,15320,739,979.1214144096282,450.4099503227749,6258,12084.161231998123
1950,11,74.82509365745439,10252,828,676.919472368053,155.67551216790054,8452,8177.565736622681
1950,12,59.47877266806878,12447,595,721.0869499222403,301.72056377594845,2805,9837.463089642562
1951,1,28.853091489042722,9107,296,392.04957106155126,464.2245673649869,6849,6928.927171442212
1951,2,18.341070505011885,9085,983,189.6219896078076,70.4627557389935,1481,7608.516717059455
1951,3,30.854719779751388,3899,269,195.3250612351938,137.5555157762058,7729,2871.821989008416
1951,4,78.53457153773867,6803,984,681.3464157159538,205.84171147174803,4304,6204.5575281515385
1951,5,94.01451571269835,1415,711,201.94447326730184,355.31077980598656,4304,2049.295829227337
1951,6,76.40993726574553,6845,859,915.9639091798349,428.8312724697036,4032,6368.978280890899
1951,7,57.48553195550693,19814,530,733.4817887128181,139.6268819774113,3825,14755.57174750384
1951,8,95.56144636035962,16865,791,303.5860659736602,161.01701511460465,3086,12908.289276558955
1951,9,84.57106054355697,17036,293,351.29049492108527,420.47844630129566,8227,12379.229393244532
1951,10,69.02535887879155,15335,490,738.9763456763446,116.75457795856907,3655,11558.56758840778
1951,11,13.411422749471763,1618,767,841.7079415503797,167.52962416026415,1225,2469.5999779918357
1951,12,35.89601573096623,14729,727,855.4869885533354,379.71211366002177,3966,11641.960061866672
1952,1,37.73890822285081,16696,314,640.9244549361397,124.77145773179446,3527,12263.98890364047
1952,2,41.25207365161499,10678,816,239.70878765797065,422.615086108199,7549,8534.639418912479
1952,3,45.044709139199824,17980,905,836.523551217082,270.732468937553,8125,13830.675701186747
1952,4,94.54323449031605,15700,78,812.4791757718443,251.40743401580775,3390,11491.117132821455
1952,5,76.76851672894247,4937,475,851.8218273701546,110.86484068502799,7866,4093.594199049181
1952,6,72.27414883514474,6011,877,241.89740244850097,355.84622865329175,3837,5481.809390470058
1952,7,48.38634629305615,8209,472,715.9219715522299,447.8004671814343,8101,6581.228531942486
1952,8,40.37946474713025,18643,908,964.2195401035029,361.44854792936076,6853,14485.358186678091
1952,9,20.76203716977613,18266,505,330.45542753442743,192.59807128108338,6141,13382.425307585794
1952,10,50.81459262363242,10036,365,745.0552240441771,364.4593997940275,1638,7998.080411889003
1952,11,28.480813792810483,16879,998,333.025688314612,279.47410664003746,2915,13231.467124997547
1952,12,45.19093633687085,11991,687,376.3867678733414,434.1786972567693,1025,9682.838762036521
1953,1,24.075213447497816,10610,893,536.7412684687197,256.84119466833613,8683,8498.78634828059
1953,2,40.95963191921619,11787,697,905.4586392309393,156.78619335072756,2580,9465.616196484187
1953,3,13.868143293155471,5379,155,134.79563063404663,95.56529963035277,1386,4022.5041902871694
1953,4,10.542088085994292,17464,666,990.6771797339119,176.48004282250804,6852,13231.22028781511
1953,5,88.29183005932565,3631,198,794.8694346486084,303.59294862561285,6249,3064.518728268472
1953,6,67.71376962025816,7656,745,423.8010077565506,126.5191387664915,5580,6270.20525320584
1953,7,62.88999887195934,9627,737,418.7441832541281,67.8925102692024,9128,7423.4912123297345
1953,8,56.2414614695171,1770,352,534.6831125109009,251.97937347678186,9302,1645.2903474609325
1953,9,75.40562595667296,2292,826,887.9306914889577,206.34445337088684,8401,2732.4867920429583
1953,10,76.25490445254873,2888,127,116.12560675476335,239.17578126501226,7033,2096.146509333946
1953,11,94.1726231148811,3326,946,593.4246856226761,254.36003477666426,9757,3465.429650770282
1953,12,31.996945000076728,18110,872,150.4778006186854,394.73171182940143,5990,13816.904041256363
1954,1,80.66789288814996,19073,336,204.04067260833256,482.41708488064626,5760,13973.987297214293
1954,2,99.20419662032234,4844,897,721.599277965014,168.0279967906409,3238,4784.33830949343
1954,3,12.6119673577034,11119,140,310.8779966366925,474.07949578435364,8054,8051.990788161647
1954,4,43.65868831578855,12132,444,137.43532472148433,152.76902910730666,6933,8881.19287556334
1954,5,49.243228084894504,5566,371,247.81355206674803,389.72529796863023,4097,4576.904068033214
1954,6,83.96490985013872,4847,493,287.7742752210414,356.6057218270092,5205,4174.652782685041
1954,7,11.236907382836982,18682,80,792.8037961392629,73.49999741507281,9083,13109.691974130808
1954,8,63.8757578921562,19572,227,662.4317183171696,376.2148113646194,3498,14395.939727931303
1954,9,90.3320929013763,12570,365,761.6116114117228,455.50521125223605,9980,9450.88766034071
1954,10,23.28643526072696,11508,879,432.84005164062074,468.60003353529015,3721,9484.087436395133
1954,11,20.401625517668176,11291,728,201.8194969361669,358.33703197782364,2011,9058.999822370775
1954,12,99.98077948360026,3552,948,824.7610931001194,403.9646164268408,2524,4191.209947498814
1955,1,84.33630412290906,3902,929,226.36615478967587,82.19383250839144,4608,3807.7525586930856
1955,2,72.76766638726934,3083,117,444.41359019278127,122.56369076224621,5288,2354.4535483044283
1955,3,45.908310933590705,13394,591,336.0504174966085,168.11584810026892,7943,9973.62569455147
1955,4,86.85666767519955,6056,116,366.8813683084815,289.10226777515186,9959,4296.482362533896
1955,5,93.04957049869097,4212,629,641.6709955633662,223.8101354727303,2390,4074.7305785880585
1955,6,75.91676932588591,9283,235,247.9169371205066,345.71076611981533,6282,6875.579378881112
1955,7,45.82853017718426,7854,126,501.28650124443834,250.55995414373618,3999,5868.735683719693
1955,8,62.518339705169225,4684,230,674.8195517420096,398.7600081577943,5367,3915.1191739734354
1955,9,18.866553667578085,11280,575,882.0218773202038,371.1146369016003,9735,8755.885377163619
1955,10,24.221842759686204,1702,187,434.10476773762093,386.2766289270675,6358,1592.5529720046165
1955,11,80.47336086029267,11760,511,386.8226033201147,422.98196164299685,8556,8951.95943794678
1955,12,12.638392493780083,11981,839,431.06250249468724,425.40008669652445,6129,9613.479916161974
1956,1,14.42763975721462,5755,752,550.7173634414921,400.7985712265413,1327,5404.241050790285
1956,2,55.72211424273574,17997,622,381.78513438001914,79.66696200322214,6710,13248.325805179864
1956,3,25.347634863283673,17227,223,325.40685853337675,330.4415081642657,6907,12390.07992930578
1956,4,36.43336698857173,10962,342,437.7727829186904,58.90524439179199,5440,8050.942247685011
1956,5,45.894828230833774,7123,838,800.0463383202117,384.69156783566206,7233,6276.3348185844725
1956,6,57.00298605870134,3333,436,327.5333082973175,77.47598296664486,3499,2901.038447908753
1956,7,35.518124914956815,17967,452,860.1666697216722,492.4467477936175,2865,13741.157981287237
1956,8,53.51918221832405,4608,849,356.5958872787144,326.33519421468475,5668,4381.886752693695
1956,9,43.36161212396185,15591,256,642.769207199168,131.89914333292324,7542,11221.047293662172
1956,10,17.292799862021507,9285,303,973.8786540388992,260.7257793041614,5767,7171.901588341707
1956,11,88.04146447317306,9861,841,956.6135737576764,422.0046390737407,3837,8486.187806177164
1956,12,35.32293128847259,2484,379,491.1696987151282,130.9990834617206,8691,2068.2373494044255
1957,1,64.84359395325774,5126,993,160.7641923692549,291.54896169912195,3879,4914.896962803223
1957,2,61.28201937446963,9799,401,912.365842943369,51.61134540915604,7986,7385.260347429287
1957,3,27.92501041146971,10507,875,214.22438343236536,404.7918119937543,4415,8599.579807967219
1957,4,12.696235338736065,1924,473,931.1943097588559,137.5734205185493,5842,2108.4880590976118
1957,5,87.12382733307855,11223,184,759.367545617946,224.230186251303,7764,8212.953039337512
1957,6,54.792086992954026,7049,607,940.815208483157,288.6096652581207,3354,6126.854944374045
1957,7,47.30207632774428,8698,419,698.8526306329574,115.18769529673703,7371,6622.7414875547465
1957,8,78.66194635282142,7105,175,995.6014088216834,467.0018810721504,6348,5667.361233542039
1957,9,12.984302954555567,11899,448,520.3015128526617,260.9627624464397,1386,9226.58226806075
1957,10,78.8693755346538,16309,541,396.65935696491886,154.3026031215134,8538,11966.92133976834
1957,11,46.8023017036351,10450,774,453.98076132926917,380.81424691415356,8515,8326.32412419894
1957,12,59.64613347882997,13612,123,415.26003890330645,452.3960422960523,7969,9843.137056052694
1958,1,77.71953164918875,6174,136,460.7175566433823,460.70191172319517,8724,4638.129098128012
1958,2,59.212953282101864,6559,566,896.6818952867429,244.01027285677029,1023,5806.731908680261
1958,3,15.559500111535991,2320,290,632.8550216428528,211.75757321987123,5018,2149.204314893723
1958,4,75.57408021067468,1129,748,753.1281285593998,468.1658379193706,7660,2009.227830285009
1958,5,80.77074705971069,9419,299,359.085933879869,73.77717205194028,6712,6851.210012183253
1958,6,51.570384223471564,5282,759,990.8836148474604,387.7430480241291,1177,5280.524064784824
1958,7,49.51534656854393,6312,71,352.66126795788625,129.8789718106563,5555,4505.377279780391
1958,8,32.67330036719841,8454,77,243.1226310177911,259.4755811754876,7545,5947.667304703977
1958,9,67.97464816880223,18772,487,800.3751267690956,479.16151318967246,8070,14066.678224483125
1958,10,89.37896625902165,12364,68,855.1678014479198,311.5166566560901,7646,8998.457812777157
1958,11,69.03718667784858,8213,162,454.4157398672226,285.5483380663483,9031,5934.866536108928
1958,12,79.41924001085243,11811,575,586.9646039916806,77.8103413666205,3914,9097.980244444328
1959,1,85.37100802041964,2581,225,472.71518524455286,174.8032461949074,8450,2025.8705839105562
1959,2,30.352977393758724,13703,952,364.52976038258697,51.372996315497396,3586,10762.694926868107
1959,3,46.18939007053805,10439,256,832.0393286661102,443.75258064119373,8542,7890.786978360087
1959,4,49.23636536743191,18376,977,781.3336205672558,340.18460492392546,9576,14162.672060211311
1959,5,60.30103283929715,1779,711,536.7957667595597,103.11244936751962,6195,2109.5228293810437
1959,6,14.426390920233782,13035,351,509.99583015973815,213.56271004705673,7550,9557.829978584441
1959,7,62.956645392038745,15559,902,262.14732529836976,415.13690353820454,5915,12137.807137154683
1959,8,17.96693350450896,4351,772,673.5460240369213,113.13643920694581,1952,4248.365110776597
1959,9,82.59129021525325,19454,560,931.3099677831696,153.61938693102704,1598,14745.409965078732
1959,10,96.67197889552945,13632,702,746.9595030850918,293.63293540459125,5018,10720.218221939145
1959,11,36.078310530621486,14017,327,555.6434448486943,115.22599082716691,3002,10394.475231021892
1959,12,55.59536123298474,7420,187,134.7926581510509,222.21785254461074,3170,5516.182272203983
1960,1,84.08687905060916,2733,415,937.2545598874729,491.95747758090897,9446,2743.8512734823216
1960,2,38.31886054425726,15485,554,377.23990422428056,294.7330982873493,7988,11513.74624247904
1960,3,24.199992401393228,3156,93,369.957268890504,365.6875015613889,9475,2309.633421650485
1960,4,76.51562713316868,4814,329,522.6364483306438,348.4764717130935,7909,3899.8337386078947
1960,5,72.8525459040209,11954,492,486.2493308058387,145.27221121990996,7613,8930.60622240948
1960,6,61.2950914604954,19717,495,966.1145473366578,430.75102411047396,4239,14948.241328541706
1960,7,94.9993115890505,12550,121,248.5067093410115,104.92256981158195,4274,8944.704064507016
1960,8,95.96100731196715,12552,505,720.2099392981158,464.71781082568873,8263,9690.181613753555
1960,9,87.53944873429339,14164,162,196.08687887253814,147.2323452158971,3775,10153.011356713736
1960,10,36.37180768767341,14722,744,349.2078206456914,479.6349289170947,5711,11454.00333603429
1960,11,30.282933767709313,3297,482,749.9234605623917,409.08355841600513,4455,3307.3888624582833
1960,12,85.2166624864441,15413,280,823.6390904730065,126.94245887979282,2081,11502.802934276588
1961,1,68.62248022137813,3814,611,522.0320610650616,122.181210759815,6053,3449.6134197661313
1961,2,45.65134273489206,5980,964,810.4105975999332,88.0382476070012,6804,5411.222998686625
1961,3,46.87808289105269,16935,283,941.6143458618116,161.30992521037274,9831,12234.320342529138
1961,4,86.79989645996623,14937,619,942.2086912883561,346.59804016755584,7478,11528.289671780552
1961,5,24.69225369015456,2904,658,408.22700988952386,284.1361067098452,8148,2818.674785025075
1961,6,94.95760688166202,18639,737,380.92585729327755,326.0078554541259,1782,14295.168833851536
1961,7,66.98937641604729,16836,790,753.8001869728768,64.01327185506084,2341,12997.029966750493
1961,8,81.2221960036982,11777,910,688.685052491664,85.98712164930691,6106,9411.74769573935
1961,9,43.37798989792244,17811,913,453.03859744376405,361.3883207712763,1619,13977.621078750733
1961,10,62.82067242328513,3602,121,305.8059737308074,431.5587545219323,8795,2717.141299146839
1961,11,77.49914445652479,9240,913,656.5886988801245,211.7397996037414,2367,7917.019293802818
1961,12,49.16169749870565,1179,957,487.2150931615498,124.91708358931936,1714,2199.5792423472144
1962,1,53.91427074456169,13614,135,218.90209745246239,188.75998252860398,1966,9856.928356133956
1962,2,62.38718459777175,10833,965,675.3238765361469,235.4134843101951,7945,8832.015056030881
1962,3,15.706629183835364,8990,222,727.9069706129003,333.5611675720256,5296,6859.501793965192
1962,4,87.68678692221863,14561,75,427.80880906702504,234.26304106348823,8163,10281.144737376773
1962,5,88.00101421772854,17913,642,848.7589663990474,453.66850605674693,4178,13838.662826866801
1962,6,35.327590552628585,12386,923,166.30577493517075,230.54557762804407,3803,9851.637413766333
1962,7,89.184028309498,7101,464,546.3188019905265,131.61808353375312,8902,5453.636597251296
1962,8,77.06753268928757,5026,131,960.7010253553955,161.75507301413325,1468,4163.089546030495
1962,9,53.48722670683621,14983,620,271.4168230407842,259.32481790718197,6269,11263.836146805546
1962,10,41.29876222552789,5277,692,255.09181773450115,402.1082037055684,2340,4859.339993423157
1962,11,45.94410282280821,13784,835,440.8270172054294,441.23308991383175,8286,10798.15744857523
1962,12,58.097702388814206,9872,901,341.2756383209689,133.38082373157658,5303,8006.391851981733
1963,1,47.12686317024322,5999,421,299.3800543045581,51.56235847331487,2012,4797.909477593005
1963,2,47.821449169823694,3994,966,954.8587553790012,441.23396526519815,3067,4566.032227754614
1963,3,28.281103626119204,5231,490,410.36299592411433,152.68841018389406,9149,4100.429605928732
1963,4,73.70308046405717,8688,532,153.85426723122364,419.74823291135385,9549,6676.570864250859
1963,5,64.86324156555136,1313,295,909.8035436229254,297.83655924926813,3732,1718.031066896522
1963,6,99.27113383194605,16591,603,503.4214428839635,231.8519943447262,5238,12521.87995214163
1963,7,22.71197837822232,9094,367,762.3475860275203,116.04068985023602,8304,6792.082773560434
1963,8,20.236451386151877,7084,796,430.61252252795305,352.41669053731255,7756,5999.66055999013
1963,9,56.433906922222036,14161,79,941.6521332992317,418.1708155773437,3219,10584.581945243697
1963,10,23.67916871590667,7783,110,359.02022989519793,257.49235194505655,7699,5547.039224099422
1963,11,64.95590359600138,19336,853,696.4899788990737,250.8599065525233,4703,14841.472197198103
1963,12,27.650359780210724,17828,616,841.9104322484417,389.87559457383657,5725,13593.924162199264
1964,1,53.469864808393496,10303,309,314.1395060574065,275.05337585684333,1853,7868.657158180305
1964,2,65.01803048581785,4342,832,821.3597572034901,403.52566313711213,1395,4642.819778043304
1964,3,51.22367101314312,10756,673,813.0484099326274,74.35238884857495,3970,8558.096040594366
1964,4,38.798677413746645,19150,248,967.8012416608342,435.933777747929,3018,14310.387616664897
1964,5,80.4084474351514,6274,145,930.5307238390703,167.93178994948585,5856,4810.72186883777
1964,6,86.91922218932571,8955,658,449.74785255652745,126.1375805643176,8103,6967.311752093528
1964,7,35.02448508219156,9099,874,631.4893789260813,64.53207836144871,3923,7545.563688389876
1964,8,83.20543612034297,19445,368,932.7648894212638,425.33289456947233,4121,14611.55497546146
1964,9,45.24706178544843,17932,894,103.93810557665503,77.05188089407574,9956,13253.720267629711
1964,10,53.88612746432722,6603,369,664.6151278693469,479.4936871178255,9038,5286.461952192513
1964,11,30.85747190508989,17228,194,293.82715912190156,304.1789072383717,3702,12492.381244102682
1964,12,66.31513981854606,10431,870,764.8894092367444,364.4074332172209,7803,8595.868352425623
1965,1,19.08340450992585,10264,553,816.8227219988355,376.3896899255074,2368,8373.072239120283
1965,2,63.247377337366565,8609,217,741.6633133364429,181.70801994448675,4593,6535.063725037842
1965,3,99.07462736503787,12001,791,996.4702017942004,412.90625655935446,8791,9678.841673695584
1965,4,77.811967650036,3012,119,531.3318633935621,475.80830421131293,3289,2715.109025611239
1965,5,90.55353777709826,1516,176,605.2109295914456,216.43299933123146,3492,1566.811065088029
1965,6,51.777598617513895,7886,556,468.09318038058103,425.90722578983826,6680,6404.614568249737
1965,7,22.78948062720982,12244,99,976.5848387416121,397.417916889866,3096,9251.454600724654
1965,8,35.96157044422222,7446,885,930.4807159133964,315.3181424288245,8499,6492.421198654839
1965,9,14.412670679631699,1999,320,987.9731021352676,215.42719009231357,2568,2228.593055495704
1965,10,55.162987518425375,5055,121,986.4020824352657,236.83338223815988,1845,4210.2349901025045
1965,11,68.47001847040184,9429,467,905.9111062280368,188.42383364400774,5276,7435.872440014465
1965,12,48.203497538100294,12829,807,937.7897753007244,241.8217163452406,5885,10250.300019021755
1966,1,60.688440908523866,19659,292,207.89305554768214,495.3321132446658,2244,14513.21093701229
1966,2,38.86320234899266,12044,975,256.17523164706637,213.53664638562745,5737,9614.283266191818
1966,3,17.727228456896253,12537,520,896.6688222916515,349.47938909774956,1915,9949.580342512243
1966,4,48.87990931979696,8689,457,754.1204158837139,193.82289499151545,8172,6699.1465438789855
1966,5,59.30180158249387,18987,157,887.4898405953454,259.9914810600246,1474,14000.771239124757
1966,6,98.43713137797604,14795,569,793.0301641063819,87.69829928600619,9017,11029.537772157746
1966,7,41.254606413315656,9789,490,225.62519766683107,393.4554061530405,6589,7529.911292728672
1966,8,70.99926917292971,6994,419,924.9091325560366,347.46100125554153,6324,5758.9953611072915
1966,9,84.03619970460221,17203,842,794.1056724407409,206.36825366750506,6899,13227.577034570038
1966,10,40.18516549381449,6934,254,613.7255778220086,286.18010697374825,6535,5321.3352458698855
1966,11,93.69381152234418,3084,979,579.1254116018418,442.4998262130911,9633,3489.4600135082524
1966,12,40.49481584529548,2491,330,616.4188081919874,69.99472204747704,9134,2006.4247607878553
1967,1,97.28238787730378,19474,67,451.375248848087,468.5974235364779,3404,14147.025049374482
1967,2,10.194122608538285,16569,122,822.8974055442009,261.8598211125703,9388,11809.33792373095
1967,3,67.07559910498108,2304,247,918.1157507105597,436.8449324779384,3386,2500.0451963066876
1967,4,81.09336229751375,3801,575,327.62351907714594,437.66731611321734,6425,3557.7757432201997
1967,5,35.20543770624811,17214,439,134.24248596275044,76.42052456100765,8591,12278.359422804444
1967,6,20.53452463332356,15821,515,282.63466362167094,401.71755735240833,7984,11729.532818032052
1967,7,12.193159679580116,3705,152,781.6047778375217,379.79032374193105,2161,3294.30650960755
1967,8,16.69662427261968,5397,267,881.5609477916875,69.43709615214199,8181,4106.473291041639
1967,9,58.8730638486731,11954,853,413.70896139898065,473.2420416604254,3093,9813.814527915654
1967,10,85.52506631910535,15266,85,237.14831406858096,335.54670622406326,6671,10864.260773377693
1967,11,15.681777873893974,8334,252,872.6806480782604,125.39030387449036,3161,6428.470078537545
1967,12,20.186234013859185,17717,707,293.1785717940319,105.39373746674241,2170,13350.055732731784
1968,1,10.459270190268379,9047,64,317.68676747843995,302.88784655634015,3289,6610.219820346231
1968,2,35.404965888722046,18661,817,183.35132922222806,76.4754190114146,2393,14085.318606314677
1968,3,92.91217474999462,1853,394,919.2917983617313,123.98436263298971,7600,1909.3896066829516
1968,4,34.86591980769687,7838,321,394.0510066949843,476.80349250889026,1192,6377.272327766405
1968,5,49.67330023091393,1112,125,254.65721743904257,385.1333864270917,9261,891.0388589765696
1968,6,26.106165617648653,5785,63,958.2804292342291,326.07010042505726,3917,4586.478274764035
1968,7,20.465608278409196,11913,608,401.9683783374544,143.96883114998383,3940,9162.84389540844
1968,8,26.41550019471897,15644,743,772.7372635558162,148.33211491110748,5220,12014.442442412414
1968,9,28.938955067296796,13239,107,307.3560298652587,250.62319606498247,4217,9528.30218545664
1968,10,21.725994320223922,10236,766,754.1431980013215,389.3244197249028,5836,8419.529857590986
1968,11,81.23977103529455,8135,280,308.94599788300496,51.76832183667625,2158,6137.912048199223
1968,12,52.95210745513564,12794,719,673.9659848412513,69.92386999743941,9714,9677.718859612285
1969,1,58.579248480534034,3850,533,496.7767273385128,441.55022934124145,8292,3503.826044414889
1969,2,43.718551776330166,2873,351,818.8460104976871,416.3295569192177,3313,2958.0540128683024
1969,3,28.966855676774465,7904,577,757.2446479239068,362.60651840374123,4425,6616.289890013057
1969,4,18.451149808808736,6717,178,941.9370617545518,274.78940525996944,9023,5066.904883325904
1969,5,16.83331327581298,9806,730,438.96007755630507,115.30705004437668,4147,7801.481344364914
1969,6,26.662782317112175,3269,782,778.9016140015112,96.0049360829112,7536,3260.8713156406698
1969,7,86.51585739687363,4549,938,971.959178589045,457.4193473718694,8125,4693.065152371181
1969,8,29.489067062057565,4074,844,402.67812481699264,222.13482779359995,2645,4095.3770148271483
1969,9,41.93376325309377,19535,254,361.0038194327765,363.07517776470536,7151,14073.648785603971
1969,10,61.54764793751477,16711,111,792.1457080342838,255.2891370294637,1687,12305.619638998078
1969,11,56.02717945078409,4738,973,500.9692620536446,378.91801394318367,9399,4546.871941280486
1969,12,69.92385667583662,1731,453,458.7865879839026,136.98899661185717,7240,1729.6195714094558
1970,1,27.488334659594916,5084,104,591.0512626486059,268.05556362547975,7758,3758.8415019219397
1970,2,57.164403583526976,8660,356,941.977665112176,219.5898588506143,1261,7014.191234209906
1970,3,79.09742434962557,3799,678,175.46516308791075,160.27416521517551,4130,3499.1218111007115
1970,4,44.87562592789274,14338,118,519.1172774914143,318.97001201082753,8496,10237.995563952052
1970,5,97.47049585492556,4854,905,199.1269225290091,291.6379824577896,1611,4771.8724519967245
1970,6,62.015448960346106,3205,250,895.2274537371092,273.0610536454217,9930,2646.9147823651006
1970,7,70.73439020367842,15026,146,223.03111715299735,315.9962317148498,1184,11016.149313183638
1970,8,51.31789656894589,19348,467,180.73304833498412,114.13884634119754,1668,14208.600681261623
1970,9,87.20657595574612,2204,799,967.378956935947,216.746750384116,7466,2732.516570231061
1970,10,50.6338231597019,13123,460,607.0085573881997,196.10342303791685,5860,9871.683711405289
1970,11,94.80522822261581,12463,662,843.3036378869364,396.1289393390537,6493,9890.990422515591
1970,12,37.674148868967634,7588,658,523.2311045625438,66.07583372469833,1215,6313.367621227077
1971,1,87.92374651768796,13554,417,492.0776654995391,176.86899178323648,5637,10079.011319935722
1971,2,67.54178563087402,17050,343,920.4487837023651,463.23243958292665,5963,12819.604800037463
1971,3,81.9149202465086,10941,334,990.8853127743553,185.15779201190742,6302,8325.215233485203
1971,4,13.393115613362939,6321,852,656.6786928640936,118.35476399606372,4222,5602.710447726928
1971,5,34.95516865779272,5323,325,926.3695066317713,390.80542839097217,6412,4500.488487252875
1971,6,86.23709684274367,14335,708,876.4467484155019,71.52988573866067,9945,10837.846051295595
1971,7,38.65003240802038,19976,438,589.6088996160803,241.84393244294662,6027,14658.472948348894
1971,8,74.13898180242451,11645,330,946.9933250629554,434.9109918402788,3482,9138.410536919542
1971,9,99.29699331232807,8995,654,289.05054599157666,479.3426648214087,6837,7278.284407932208
1971,10,25.94518747018326,16763,331,896.3605594884023,162.05889062904993,1363,12571.147968510055
1971,11,47.57913464533674,12274,927,378.42076986883444,183.29100519632664,4774,9778.481929966641
1971,12,24.861403968953343,7946,996,127.46399810383214,305.2629971953899,5588,6783.833507443674
1972,1,23.885780905981896,17290,243,808.3788000725802,151.94820125079548,1626,12762.373341538088
1972,2,66.97385438532325,2088,750,937.0157655273025,117.83482994440585,9734,2380.7073762706523
1972,3,27.223843309073096,12625,960,295.10423803317866,241.69167997608335,6837,9969.16871613418
1972,4,53.43885540434385,6977,177,580.6770286488438,82.51163579564624,2176,5303.922591276405
1972,5,98.01473262597722,18840,606,774.4120266307673,452.3989870375657,1456,14553.998422956007
1972,6,39.98165338348829,2089,823,398.46122921226583,200.3884798737408,9552,2306.7289372941227
1972,7,88.62668620169164,7573,747,232.2265179770344,201.32785609099366,5781,6210.061530290629
1972,8,45.67285552762866,18062,946,453.02148704558124,406.1179009305805,9477,13838.053773290016
1972,9,33.657841955119764,14020,890,510.91306122358765,203.69676083268007,1403,11188.570162455058
1972,10,40.26265328041686,10650,92,767.9988361910224,392.408085629202,1384,8130.239573893997
1972,11,21.491782960941194,3452,833,278.81547644482737,131.55890630408237,3190,3485.883745920756
1972,12,71.10866403583867,12429,63,833.6009745858935,288.04475184351736,1254,9321.7758502478
1973,1,55.81179502175921,16779,123,551.9611987598671,395.830161273975,9305,11994.062727289647
1973,2,65.24474168303888,3464,68,913.5014645890353,252.45459636218422,9115,2654.8714763124945
1973,3,37.278349995710954,13359,100,609.2073389923014,82.31596878565551,9093,9346.333204865408
1973,4,68.81184688687321,17549,441,502.16912351250244,381.60605736841165,7792,12956.555134365492
1973,5,24.813899946248274,4886,353,358.1142815513974,272.3254222091381,7724,3840.0422805747767
1973,6,68.72254444010787,5419,701,195.61816283152987,192.38725540000559,2262,4779.358040384638
1973,7,17.302434236584656,11189,759,434.53297484565974,496.75808068429416,6793,8988.518274461105
1973,8,46.02458399977094,7859,340,472.26092909439404,444.23250152341006,5640,6204.189709421539
1973,9,64.87777438364327,6747,247,611.458244356995,67.02014731155634,2505,5221.068246919942
1973,10,86.97857901482892,17568,567,873.866045712721,317.1443135712714,4961,13370.133763539818
1973,11,83.11735234853546,7054,404,517.4334960495983,209.55592903313672,5160,5582.1003049231
1973,12,57.42550693158291,7226,285,382.85607224183616,66.83233506898917,3462,5468.322381700963
1974,1,89.50336276313288,8318,316,885.9327508928917,55.08366211810372,7522,6277.8812124249025
1974,2,55.531266872719634,13405,300,760.5262342701792,312.6910021270213,8622,9898.402413929474
1974,3,56.54500440594055,18033,983,376.3266945221651,194.05879671205503,8212,13722.867679686238
1974,4,74.84982820096126,14163,908,250.25112875637237,366.4922929121104,9736,10947.506123089539
1974,5,89.00040904940245,1675,587,361.9246647337491,254.4895788030449,4177,2066.135745178321
1974,6,64.24448466628769,17326,973,211.27385462383106,394.92390166040303,6087,13429.779553984354
1974,7,94.97725803276883,13150,633,913.0747037922098,415.8793556038397,4716,10465.710739995733
1974,8,30.93274594473524,18026,138,650.5541840335077,345.75548225482623,2668,13204.967225603576
1974,9,93.18784861291556,8239,132,877.1612913214412,238.08767381199118,9247,6060.625980926781
1974,10,29.948765971709726,19764,867,838.3247848104533,494.8147626553221,5944,15329.86124105097
1974,11,57.37739474304876,18982,587,237.91202317174972,188.0084213321803,3498,14081.306699422952
1974,12,81.64286166015698,10857,989,498.70113866732726,281.5607004998901,2331,9130.199278099099
1975,1,82.14257505671272,7076,832,974.8570544608425,284.18184609017055,4547,6381.509761710111
1975,2,35.034333595251795,2978,536,310.4148720525607,242.7524830675154,4902,2822.710491435809
1975,3,98.73056982669773,16845,509,145.21500982491455,104.63689360194775,7676,12210.765737978369
1975,4,17.25430799075363,1778,329,411.40913291103243,209.2739414990886,3920,1775.5565175231693
1975,5,13.130447235901714,8428,894,559.8512260699064,146.83538565571226,4689,7090.6893942282495
1975,6,85.73765131393604,3882,236,150.28970252137108,454.9357368635491,8545,3047.0575697939494
1975,7,83.7117019517842,9799,874,484.00639658062335,344.9187873542246,4575,8184.858596006981
1975,8,74.1535701772018,8742,450,328.07139969871105,179.5163828251013,5395,6692.916923890381
1975,9,86.56966217034345,18134,642,290.90616035593143,304.5796804478429,1216,13812.530189993451
1975,10,22.380333060461837,17924,540,337.5164196735346,433.94338497211135,3817,13500.110369465152
1975,11,18.611879043678336,9336,690,194.85887217787376,470.4955225798522,1107,7777.565986974803
1975,12,97.24623697998366,1990,188,168.98306962524805,83.76600330510992,7497,1428.3110841871219
1976,1,66.18141935132908,12604,325,636.2609329489197,404.1088257453611,5838,9530.352901317689
1976,2,92.78620724738191,2110,592,953.0476484875971,484.8386410054673,7054,2659.4446300812106
1976,3,91.57989017910081,10208,797,824.266061630875,260.2606110067604,2447,8568.954053653737
1976,4,68.78258554325501,13084,660,850.5087875242035,497.9903045098398,2198,10612.125376314161
1976,5,66.5627061636691,6322,216,761.5734412165864,480.68509588750777,5595,5135.45916800593
1976,6,42.3951223576131,2280,496,960.3845244258997,345.6011066409416,9499,2407.952241185281
1976,7,23.41990503567931,14958,55,955.4954317485126,431.4251298615067,2669,11138.362959391157
1976,8,71.79444574082879,13661,404,800.472800477276,183.45340300462544,4769,10319.748601242989
1976,9,83.60745129517568,2619,845,744.3516327218275,462.858642645521,8385,3128.789242333158
1976,10,59.016137503375326,15109,996,374.751564882487,316.3500995911872,3399,12028.325754429152
1976,11,14.578222610381225,17243,102,182.04975329719036,279.34951462268083,3193,12329.656869775261
1976,12,23.042593512439232,16457,165,183.581176607874,426.04779402075644,2883,11996.67387422113
1977,1,19.17643045736878,17994,349,762.6349684095892,450.27247034738986,6536,13363.912630431583
1977,2,69.2048483766103,5261,114,125.53647470355858,365.5620801039512,9336,3734.3662751195775
1977,3,60.83101784231811,7301,257,834.7683240716336,61.2663274534144,9267,5377.141976455886
1977,4,51.98502645493126,5594,802,429.8288042932446,318.7427637655166,3772,5135.689198620614
1977,5,58.90677003108682,3014,158,272.87248511557294,419.74515337299124,9577,2296.5141720584747
1977,6,34.83593581188322,19319,829,466.82965421849485,295.37120241250204,3214,14798.94065807672
1977,7,82.42544543694942,4687,205,732.945004713697,470.68638956453674,1446,4164.709313561984
1977,8,39.569072623525514,10487,817,347.59955253429257,453.79282363551675,5496,8572.25026918038
1977,9,67.98710744976046,3330,633,256.256537758374,288.35431331259485,7259,3095.096841716779
1977,10,45.17868219687797,3659,784,764.0958493914801,231.72385673755227,3081,3862.6605942042597
1977,11,16.49498724756961,18453,810,892.6131742691028,74.78440283377878,3463,14149.136905565925
1977,12,33.12562819790763,15720,159,626.990320356764,334.668984396911,7961,11339.049573972137
1978,1,96.85884946559216,8566,79,571.4700231180727,169.68411735214656,1597,6425.461407879082
1978,2,27.148340839734136,15302,468,779.3879056099023,350.8035404925148,7886,11477.796358189358
1978,3,19.44358242049966,5408,439,759.3818775529115,409.4425568319821,9569,4484.152617475884
1978,4,36.203697300428516,2731,407,105.65056229181026,233.9120798372027,1882,2555.9457360758506
1978,5,89.01333171681905,14241,646,353.66004879071596,57.01313229050118,3816,10790.830683701233
1978,6,37.54237818937231,18158,591,938.8116921489433,439.3640449237974,4560,13928.687537400014
1978,7,47.564212566629195,18370,430,964.1819503332235,297.05319872420114,4393,13810.383952959392
1978,8,37.90692291721309,19744,897,559.2584412983279,191.65614698126188,8335,14880.30166621115
1978,9,99.0076206434212,3949,880,604.0810136658795,335.20822035251115,8731,3946.7612898651423
1978,10,99.98875892271641,8838,825,100.59086931336097,353.47735680790316,9193,7082.164859680453
1978,11,53.44954779252864,12964,780,705.1060142723912,116.36001805990546,2946,10269.612459750997
1978,12,80.63431386116679,2033,177,291.1922627654235,340.8806885777163,6825,1715.2813578613377
1979,1,29.805385380975412,1449,338,215.120698231882,179.00914130215602,4414,1434.4748041962562
1979,2,43.686563202474765,7498,860,374.2157169437798,411.6311594864319,1957,6680.091454597929
1979,3,71.14057042858644,11673,125,698.4029701472847,473.67976088925525,4275,8791.688674677502
1979,4,35.769556050867095,15976,348,492.7000340617291,96.20031548508302,4859,11642.967548557062
1979,5,30.222886856786005,4588,606,414.15245846378883,462.81100886127797,4692,4259.743768755586
1979,6,93.00140937959682,19438,795,754.1269353476961,456.5506888052716,3336,15113.890539277952
1979,7,31.98682683114861,14553,805,832.348080839448,204.30842796837814,5406,11388.769816550925
1979,8,15.335003704678643,4172,520,882.2822212589156,62.97598203638343,3250,3799.3271268150884
1979,9,77.59792125773356,9421,999,500.27753444564075,348.4514239564298,3145,8153.531715484843
1979,10,31.894145913592126,19176,799,746.0451296680436,205.12002982463525,1363,14801.469041596374
1979,11,50.51657326408338,15623,536,896.6920627498198,136.2413732696252,7136,11708.214389424511
1979,12,20.040133056932618,7723,543,918.0157591178654,98.85400513009202,2514,6379.380869925466
1980,1,16.166402056602738,8948,164,542.9092468071408,138.2118629206539,6978,6454.217988203073
1980,2,51.440110456105295,9085,420,419.79390645964736,156.86007459554753,6198,6869.965388395129
1980,3,40.33795079833824,18305,498,910.1674641323002,408.12148349516366,9511,13645.426551692306
1980,4,55.533270423880275,10539,952,335.287421438356,402.71875060220873,4159,8796.042484385292
1980,5,96.92049297341816,14388,213,817.162697689499,272.4863928850629,9359,10459.06777443028
1980,6,46.66494576231495,2597,842,917.7894114766923,298.9963828710212,3233,3287.815351383798
1980,7,64.23913933685753,6187,262,765.7469196982523,463.0174258390515,9786,4865.854763560754
1980,8,18.783584407155914,4661,342,711.8741470773452,458.6180875444128,2012,4232.147285853739
1980,9,89.73258444953586,3737,170,145.60944381107822,422.9032113908244,8190,2848.638245003807
1980,10,82.52749930999563,7962,445,283.1256907308101,218.42320782479698,5710,6148.115216620014
1980,11,57.01663050340946,7145,977,699.9126623200881,214.9485789988433,7494,6288.23905847053
1980,12,26.503918684896767,12071,994,806.6760294734332,449.54719328687577,4421,10112.372376207388
1981,1,48.33549274489261,9755,471,157.05187604830834,466.9311047724841,2542,7726.22576391194
1981,2,36.764559631778326,5161,617,117.15350834563355,409.304591119185,8276,4331.84340300427
1981,3,99.5065079853864,13263,129,380.3613165003506,390.71120528081775,4441,9735.714020447365
1981,4,54.175445968007956,18499,925,680.4595675837654,301.17380640568723,7914,14204.190326319042
1981,5,48.00097944865021,2207,430,560.8383787185878,202.25070551650688,5207,2213.1110604054543
1981,6,25.215248449896972,13054,331,107.52338413572575,158.28465540537863,2121,9609.171319316434
1981,7,31.51980544325732,11438,618,236.45095161998213,113.15223589468484,7668,8570.034404820599
1981,8,74.04289427690223,5839,959,776.9807693207895,377.6908059258174,5262,5624.2834356219255
1981,9,58.14183993172512,1371,489,367.89553456383413,399.6404681435736,7312,1671.2957705871138
1981,10,42.22281814342339,7229,375,205.46983736400054,211.39033299727436,7369,5420.600214784626
1981,11,36.73123172897134,19743,346,145.77708329319407,52.718535968223925,2959,14211.510321373553
1981,12,28.066622161927704,12639,100,865.3979988819226,472.36832575689346,9679,9223.986974153308
1982,1,13.050810357072553,17803,517,524.4993967212415,246.69019497020093,7478,13122.716264108387
1982,2,97.94349717466464,8521,500,553.3107817771911,488.5659714754936,1435,7148.268760612195
1982,3,77.77993158195669,14864,550,155.20712870135662,354.81180647042027,9021,11005.939344111957
1982,4,93.50837336025985,3146,924,539.7219326590867,105.80607337619261,2121,3544.1816652603657
1982,5,47.12957797548596,9116,573,681.1958391160126,197.12849359338176,5420,7249.209594881384
1982,6,88.24444752836807,15752,146,210.51878190649637,345.6725948501133,8976,11164.719031049306
1982,7,33.062492971883245,18404,994,912.2641409081381,342.16376526288485,9661,14249.629250821705
1982,8,55.885133251680024,18439,670,805.0131758219205,154.39344156991268,4899,13938.584987778895
1982,9,28.22314958686499,13037,818,821.6965749311439,129.5855875330215,3549,10382.33589086243
1982,10,79.33034488022265,3651,708,582.8797694022605,174.55585974660175,2275,3713.802048863492
1982,11,54.78418062397509,14520,755,400.52969288064634,404.10139203319346,7577,11195.811348983125
1982,12,58.26456445553037,10073,491,676.4070000346841,158.8414105004914,4326,7841.782870679847
1983,1,87.35091667332092,17040,392,302.8331332333911,365.80132606209463,5504,12579.909533261516
1983,2,76.52956757198405,9474,286,223.19624532770388,441.49982454927,9171,6992.9410637763895
1983,3,96.96393610593873,10291,633,584.4975564549369,226.23005473681516,6445,8107.650065170561
1983,4,46.48023992643799,4084,275,530.7635693401096,53.14731760550912,8316,3050.948568958001
1983,5,51.53092502240704,9542,175,235.254156041537,113.88098146083269,9541,6623.301969144729
1983,6,65.38048171838042,17930,309,577.3634855156564,190.35359025370863,3170,13176.318147848056
1983,7,50.79812063447676,7680,953,591.8214438257721,135.4794019038758,8479,6460.374620353367
1983,8,47.76538417014646,5061,588,884.3632979078277,180.28111992425116,1258,4701.521993348254
1983,9,40.65145677369556,1803,587,783.2890506771954,294.81889201796844,3452,2361.135867073899
1983,10,84.86957973943834,1660,402,295.809098012294,59.48649478444696,8378,1437.4843405195868
1983,11,58.01404272784289,3358,860,836.1388196896677,78.92667117649543,3002,3655.8468695578094
1983,12,64.66628162598107,7179,665,972.1127458135397,435.0827008380254,1176,6530.264742192159
1984,1,28.366798052579078,10611,926,744.9575613703424,285.0438818284838,2603,8947.451540679675
1984,2,32.65988323700361,10417,89,808.3028419957823,470.98899924030695,9478,7651.059506908833
1984,3,40.58138875787205,14272,739,339.78683171952696,51.47402421105822,7090,10711.909359248582
1984,4,51.88320786773481,18927,500,992.7122942749196,50.06803563532799,5554,14030.173999822318
1984,5,13.953457324987237,6756,762,258.75508822145673,382.8184720670122,6040,5754.173583663527
1984,6,89.9552225428649,7032,251,775.7740665400377,264.31372421813853,5867,5506.478232828004
1984,7,91.33410290077316,7382,590,455.6973675767731,461.20925587640363,4708,6235.0569631825865
1984,8,69.5511928047111,10896,390,421.18216036391306,403.96278165412883,6839,8281.008124561306
1984,9,38.44475507403296,18806,296,356.6433066630877,276.7831984241029,7584,13517.468878156631
1984,10,44.678647419603394,3642,166,496.9547171965183,265.3358008422796,3359,3004.2940180559876
1984,11,76.06458989839773,5169,431,811.7871427758417,415.03119185557256,3309,4661.607493847645
1984,12,35.766190493224606,1795,987,946.8753220566216,411.6678675448575,3995,2969.8981793442554
1985,1,64.80262203517316,17868,291,474.61441911622455,174.62516437455807,8974,12773.878019714026
1985,2,91.56439703259328,13111,835,686.5044768868953,353.58658692269086,5206,10527.73077545569
1985,3,46.940304885200455,2060,386,809.4017287294821,339.4410141405965,2633,2399.546928129702
1985,4,62.83438875665679,13954,296,189.76255180018796,435.2380243005013,8972,10122.2250953858
1985,5,93.57308083619179,5026,710,964.4892999655586,440.86080685922866,2661,5014.076758136129
1985,6,40.65234093180719,11945,879,290.47011832132574,170.72628880588712,1987,9595.79895690472
1985,7,78.36757709617454,2895,460,923.5713728723766,445.8841043427503,4121,3136.484647951889
1985,8,77.96096703062415,1756,145,987.9425629562239,466.05700469498913,5874,1925.445446987226
1985,9,93.5645674424857,16330,155,190.36414575494507,99.33649949330939,8885,11384.016835746905
1985,10,87.27303872648339,6820,270,903.4725459568232,308.18577397785424,8931,5295.857199042715
1985,11,77.39453652265249,2662,224,676.8183463297283,246.40865638919024,3843,2450.4260272474257
1985,12,67.28638852938325,4578,526,836.134062703634,230.8931164559251,7715,3994.2034587626904
1986,1,31.7069461898342,3933,587,198.18789084647125,367.1732274370814,1574,3765.735411871636
1986,2,70.35838054011633,9169,954,850.8357830982336,108.30576208931888,4260,7819.0923140569585
1986,3,34.87991195366517,18887,652,663.4308868044837,418.9756140676673,6109,14315.061992403189
1986,4,49.60176448205703,18211,428,559.5568440851729,61.96974242046688,6782,13211.071682477163
1986,5,73.87287731509369,10759,445,604.0294121413004,310.235387923007,7078,8232.943086726233
1986,6,70.74048228912604,13140,577,770.0209137580167,151.41199975784116,8313,9930.985615316853
1986,7,46.107918359784975,15309,864,367.8730561342071,350.3610136377018,1146,12144.456698380529
1986,8,26.440811737845088,15700,105,949.1295178550025,286.4443522118297,3791,11552.411675760577
1986,9,53.57282086783981,15635,883,376.8729146570132,499.88850393083703,9462,12111.653527563056
1986,10,34.29756284250288,18622,612,889.372133196369,438.04514363138804,1015,14446.7625495005
1986,11,32.98910308239997,11361,536,110.90034424569342,201.48473387090513,3963,8617.468796500632
1986,12,39.41142269019083,4908,332,924.8320591574119,287.8170930939624,4583,4220.047801461245
1987,1,73.56139826370624,3374,506,866.4200377632567,193.01542289291714,5242,3235.799698898981
1987,2,54.755724877105656,9865,671,211.76238051244383,377.95707124437894,7598,7754.079978845512
1987,3,43.5853879141729,11481,115,763.2306372838115,240.0859114725415,8570,8257.71928350184
1987,4,91.05353327756586,1969,623,436.70357379215176,101.94699336484116,6807,2080.8806740704067
1987,5,73.61026068685838,1631,120,531.8004410280801,347.3617441244,2031,1702.0647180754663
1987,6,54.51875445981488,13564,953,161.73391529656197,54.979271546918,9204,10310.47972506129
1987,7,47.91595265462905,3962,727,291.3164128580161,183.7805346415453,2225,3828.435908586041
1987,8,83.70071480958755,16479,567,958.2814311247837,458.21438079870353,9850,12511.579369137726
1987,9,25.56320445347231,6158,681,476.1554383498058,92.37844003597381,4945,5161.016184132207
1987,10,69.7738532893438,10560,620,123.42731220717621,276.9915832079937,9032,7999.562009623436
1987,11,11.891376900826238,13114,836,563.5702982833486,407.789818326552,6085,10444.206274399923
1987,12,10.626464175678258,17757,640,995.2292202522093,457.02595458067003,4618,13729.625126843324
1988,1,93.86053238423271,17070,286,399.5385642001699,301.9272332160848,7087,12383.321625188604
1988,2,56.25897204170543,18886,205,227.09220660228164,118.9316302264146,2391,13565.784482805137
1988,3,38.36056830072692,18601,187,679.1980858565843,473.3858384737654,6912,13578.621362504837
1988,4,81.52265838745416,10859,222,927.8419070940035,387.1664806176293,4177,8384.799975300548
1988,5,98.6345205378204,9947,912,873.2344880493505,228.0516609148246,3418,8462.496634631021
1988,6,13.097241227758074,12374,754,691.2887648591699,174.64133357246155,3157,9824.183647544041
1988,7,13.416462482187594,11111,227,265.7327100851394,71.47242023394043,8158,7812.282445183702
1988,8,86.93038471273576,18713,465,805.9238781751782,136.14402454059655,3378,13956.808990412672
1988,9,60.10433197880598,13117,193,840.8997591962327,399.95467852661324,7422,9723.328108432012
1988,10,89.44675675678737,15855,951,864.5930024395188,98.88243451423119,3220,12551.055162987443
1988,11,72.51787692764219,11807,499,463.5471767613844,108.23564061491439,4200,8962.26302871476
1988,12,52.35270863954704,12446,879,467.97305032347737,138.1697158738821,9112,9627.715212639288
1989,1,24.52113323336332,5358,795,239.64139490075655,227.9037784336023,1245,4925.863709545852
1989,2,45.08750322747014,5376,371,795.4180873651794,135.08201552460238,7299,4282.615286851982
1989,3,80.84305833028318,9690,708,763.5036034786708,456.9365767499467,1608,8257.965429634
1989,4,31.052579465454794,6655,821,189.77474263821654,165.9449069904008,1351,5808.08837558745
1989,5,74.11298445918337,8793,426,118.12079886175904,463.76942560884396,9484,6653.281019185765
1989,6,32.26101212140013,16818,604,956.5479334291454,493.22435938291414,8889,12844.57480496587
1989,7,51.71809403467313,14919,195,115.54156798993148,389.66151038956696,4526,10839.64356454621
1989,8,17.688880387981214,2372,672,665.7387933070231,53.34667680332322,8619,2351.8066841808804
1989,9,50.94986128641056,7720,223,508.2773563071055,158.00905290494472,2610,5902.135196280963
1989,10,65.14322898781379,15983,926,799.672138748566,170.30003618564297,5175,12522.86941845211
1989,11,60.6986237449177,3460,807,178.9558640497721,294.2395647752753,4627,3489.4236565070496
1989,12,46.58198629566767,15136,863,714.1362355887105,121.27716634300974,8245,11616.076032584011
1990,1,43.27257481635663,17542,774,653.448296215989,84.74681889247893,6007,13253.499187862813
1990,2,34.785888172829225,18004,966,868.2347581940265,129.36098394995292,1435,14151.351959167234
1990,3,79.03936591366664,9433,664,566.690620749393,197.30838487019852,8893,7385.265466612641
1990,4,80.43742879230219,4255,207,755.4628735734548,72.14448652600892,4857,3378.968886849225
1990,5,53.472479494040144,6791,753,493.82475616106296,137.91390499551053,4260,5779.221418363919
1990,6,44.430558840507615,3236,602,985.5806770571456,125.38398469474409,2816,3368.678681042959
1990,7,67.36806750724377,1265,450,603.4699598397407,397.5616970044593,9403,1552.0128643067221
1990,8,60.19590898856543,10625,182,778.185255001227,126.3083008379101,3780,7903.4104886354735
1990,9,70.0529919768693,10284,54,183.64163142305443,406.1927862998715,9676,7204.77881453134
1990,10,37.54139789896056,13886,934,516.4803343131276,278.6819684223515,8372,10878.943640240881
1990,11,80.95146033583865,14408,762,157.9939073320827,391.034380785865,7596,11039.140672504514
1990,12,38.50685297668811,11493,124,209.53987983783588,252.6606075635936,3533,8326.579138479943
1991,1,47.68509446871942,12044,993,555.5218425787652,455.47482857856556,7842,9838.451428052795
1991,2,21.918045538455978,18309,945,417.07434462681266,174.43340707933308,3047,14110.117623412001
1991,3,86.98323900636271,17224,409,513.8407150427099,395.0630832069768,6556,12785.490721395556
1991,4,67.98463717338879,3243,511,546.5297688904252,123.53900590396643,3469,3052.843068221026
1991,5,31.1758352911372,2885,681,243.77518322969678,447.1899987107342,2161,3205.499518778785
1991,6,86.65462484220804,7612,599,429.24827584022654,62.79840386140513,8380,5896.5554464753295
1991,7,73.43137071838107,4589,823,874.537766332424,255.84625528398502,4166,4588.040475928301
1991,8,49.79622299520244,16096,747,870.9498809197759,239.5662255905552,3608,12549.516262045554
1991,9,99.0858548162068,4785,831,541.5552881023696,330.7058082971717,8934,4432.287872153974
1991,10,40.34887750549318,10089,783,774.231459816407,248.4200117978964,2823,8391.360545320358
1991,11,18.959461006289203,4575,498,778.1974431564304,315.04040239744785,5380,4109.574210959134
1991,12,76.01131435440357,18800,394,139.69608438497588,437.76632880055206,1377,14002.554862109144
1992,1,78.13441357994981,5688,574,649.8020861382697,113.91283618208317,7592,4684.548952422829
1992,2,15.306859543199225,14761,716,824.0739094447565,159.86629374871248,9933,11161.480141802102
1992,3,83.74772098034988,11575,970,634.5740818595983,411.2689634138426,9976,9392.320819015456
1992,4,79.83473624861438,5827,745,587.3975162493052,152.62878882420853,1560,5292.697536757892
1992,5,93.66367346430263,6362,117,578.0941405929279,457.5442981839438,6843,4891.198934126072
1992,6,20.669421029759956,17645,748,557.1542650354806,293.36510625437813,3435,13535.980114302241
1992,7,64.07286024528105,10402,288,800.4773601570013,86.83894835838339,2220,7942.881812087058
1992,8,29.748028746103223,14030,812,678.1890460688762,59.297120350935224,1123,11081.160799549878
1992,9,45.949775774593014,18325,144,293.95257644162905,393.30706281193426,8496,13030.316820323415
1992,10,33.858174619218815,3293,738,490.01341256936485,435.35787441866694,5173,3500.0287879629277
1992,11,50.43679318036443,9001,579,575.7627253685151,157.93906940027247,6902,7033.379870927244
1992,12,20.158869557884977,6461,252,477.05577155958065,158.3509568691665,7279,4797.338553331204
1993,1,37.3163957073359,9155,893,313.8233575476435,479.34594690688436,8491,7583.382648799648
1993,2,16.382685581187665,13670,52,212.2666441012584,345.2842115002838,9562,9516.722423939616
1993,3,54.264878924604524,6142,256,205.58109314233747,125.42635055821748,5249,4561.2582594287105
1993,4,36.70148886833525,13197,618,366.6591130332173,251.8641236033123,5512,10076.411124396467
1993,5,63.127769663328586,16927,951,462.3896377297432,459.696252043925,5351,13304.786956254455
1993,6,51.08015632781514,2757,374,714.5898796681662,329.52838790197467,6084,2656.336971257956
1993,7,31.946778061091184,1847,848,986.4252543485363,233.36131989150763,2604,2767.7135561375917
1993,8,19.264619673633746,5719,825,907.6203427731369,117.96507501201725,1853,5373.697450992783
1993,9,77.79850195663336,18494,571,832.3280033847589,376.70082995099654,9226,13846.651919547203
1993,10,66.98192986771964,17673,52,832.3624633001984,174.36330011200627,6303,12621.870152338777
1993,11,12.963699668760416,10103,61,636.458470333133,304.65981819690967,2149,7548.47480908359
1993,12,99.0429003973553,18764,909,327.48371081443236,320.06309008887314,9002,14204.598644181197
1994,1,67.82412471378584,15257,509,524.7461884314505,299.95226686523546,8366,11350.238739623033
1994,2,28.64627080628167,4824,667,228.29861165115122,160.92175620955447,5905,4117.001585653955
1994,3,85.64471857665781,15781,399,609.7875415961208,368.7235673987008,4641,11882.786755599529
1994,4,89.38906496259816,2291,836,120.70064940276828,304.7225025526084,8155,2528.504894910595
1994,5,61.63168571121906,12204,966,270.51861004819995,231.65731850471408,3269,9864.184515235993
1994,6,89.70149780885747,13871,258,741.0652505376772,73.45888365674338,7879,10030.456590066051
1994,7,12.625458708095127,13266,63,349.20311844663945,199.06870813172767,5959,9373.966012714634
1994,8,95.06500400506363,2762,152,477.96601829610387,208.60137854712775,8919,2078.0092348020717
1994,9,15.148325267824198,12391,804,848.854870503915,406.0235143553311,4519,10093.303343669215
1994,10,67.8151057564394,5179,380,140.1022471163451,281.0511803350132,7607,4015.382138607353
1994,11,41.130517324582,7683,590,120.4606359305053,469.4534891171697,6136,6231.21719752458
1994,12,13.538111630154877,18821,931,306.0884344587528,387.82844209335457,2441,14611.70886206686
1995,1,93.63594762416618,8626,312,715.9990331182033,292.1020919210284,1522,6908.148594173161
1995,2,22.182189332986667,15736,98,312.50875179746157,125.99861249635636,6091,11064.440129084831
1995,3,86.8369768681581,6079,754,877.3285662763166,149.4649407367379,9157,5209.524254328738
1995,4,39.73105081143726,14342,538,416.6633788963733,122.03571535608936,5748,10673.94135768424
1995,5,76.70476024635309,9548,312,355.16007510287056,249.28283021580864,9855,6948.739282640791
1995,6,32.87987108273247,17036,447,309.621789141411,375.13619797949946,8457,12476.677133436757
1995,7,62.509054395489066,10712,833,616.5733194196229,391.69617135051226,4318,8874.690448344387
1995,8,81.95984264304451,17947,660,870.6801497376002,93.26805348667877,7353,13456.037410644733
1995,9,60.956184729711865,4991,705,465.45607769135285,273.1598761351182,2008,4680.218058506247
1995,10,37.58973072786688,17393,902,327.2652935089957,266.6482738137987,6677,13286.862808390983
1995,11,31.009216052010956,18065,958,478.7796081750209,247.49899354227693,8381,13777.355694071099
1995,12,25.732503710357918,9718,387,914.3107784129817,185.54719890010395,9318,7333.6459278331595
1996,1,85.49312698389222,9868,462,401.08382362652674,264.1136278598299,7891,7480.227900693705
1996,2,64.98483626208758,17323,518,690.1731208220853,282.4730278205461,8937,12844.124703868569
1996,3,55.78101322817062,12319,890,396.76557898448357,319.8632749135726,1858,10047.378798623919
1996,4,32.46226154458624,1487,427,707.2820467661302,219.81432527563626,5583,1754.0837442669635
1996,5,49.03779236866038,9477,430,892.9096738203642,475.29528593684125,4409,7686.1938771144205
1996,6,65.80565275191907,10491,110,638.7028955837231,202.47739729589128,7073,7569.671142564255
1996,7,16.46934881608422,2122,982,952.6977807035411,452.77291405844807,5803,3132.161732567466
1996,8,42.46434429219488,8023,414,641.3654716498426,410.5640834731059,1316,6643.79242291451
1996,9,31.555328657303345,4211,834,977.3883041034927,259.37181813961973,4399,4348.409815403782
1996,10,68.18634156359599,3156,336,751.3574012336686,273.3405708512281,5666,2880.4916191361644
1996,11,64.5642107165794,19674,620,687.5094786030434,441.4377150796051,1303,15117.07305039615
1996,12,36.94739451806538,4791,649,846.8499347634787,271.726253230434,2928,4561.742511701655
1997,1,13.746764989617862,6343,928,109.98349891266503,355.7208082083528,3449,5717.229562644403
1997,2,26.453147572610415,11290,480,331.524517280128,414.1862996719113,6425,8638.967247404817
1997,3,24.405586803541865,10568,823,294.4815743071695,458.546547315043,2877,8744.309337716977
1997,4,61.15549014661393,11319,849,199.80826124431107,148.1738733931224,1748,9087.609244195333
1997,5,25.236231071893293,14852,336,944.0079743671569,488.9145967804791,4274,11366.267268823756
1997,6,53.410091884560835,1346,451,217.90191835014573,484.4001064253199,4226,1769.9026199531716
1997,7,65.30759535908635,19142,812,336.5530015248364,183.80973585857998,9607,14214.685384553703
1997,8,89.1609024699742,18722,935,401.64758416622385,326.1776533941596,7721,14307.94715999942
1997,9,32.05248066760511,16518,289,662.1651676395468,71.11307792997499,1221,12191.801984762995
1997,10,26.732164262433688,6228,58,790.7178188467967,125.52230304807,8957,4421.335400970857
1997,11,25.592844981975418,17837,564,644.208392767779,312.7177297221274,4930,13439.73171498118
1997,12,42.438637856087404,10501,687,774.0589496652943,342.5478082780815,3762,8587.448069311751
1998,1,68.42630973866866,9281,632,461.9117838584462,290.5713411303863,9076,7260.046073455577
1998,2,70.46761786477579,18926,459,996.2004132272989,367.1249709651025,7286,14157.587411946944
1998,3,28.986571059096182,3503,958,253.08309198778247,406.80084429871147,1656,3955.275217130806
1998,4,21.811010667475422,4002,723,459.7841879302435,125.8060215939522,4366,3737.6427382149395
1998,5,50.38101403557128,2162,348,848.9647127913026,346.8277604979786,6206,2254.509854477686
1998,6,22.707215376066323,6634,782,322.0841779746702,303.1692065370442,7147,5614.819071465905
1998,7,83.16286704547674,19307,722,775.7587140382835,102.91380931382378,5536,14533.330556891031
1998,8,17.549330273672567,2788,374,427.85235430369084,152.87202040016575,2550,2567.286986808921
1998,9,77.68839899617836,14536,725,259.8366478322255,238.85105828049677,6290,11061.611465132804
1998,10,13.838312396601761,6892,640,463.0064181785297,438.69129610736553,1891,6045.195642474769
1998,11,82.6285704395495,13961,682,806.3096558283318,147.66160141313833,4333,10853.210049794274
1998,12,66.44365080308498,14965,251,200.75963272261612,132.3156614907233,8129,10585.813809026362
1999,1,39.01357952724575,6516,885,564.4913974726369,374.42827752641256,9122,5711.707285363785
1999,2,46.496664528815266,9636,918,767.2207762871399,489.1068242750016,2365,8440.396105071679
1999,3,70.62555165015806,4892,432,776.4148401729101,251.29794095319505,2053,4386.88853411101
1999,4,26.70653296011824,7365,96,450.628042699409,207.56192648599216,6856,5297.354405189089
1999,5,90.12886021804933,14502,278,519.7945412653573,164.27326519380898,9900,10380.38783077828
1999,6,53.45984207727052,11186,862,871.0893518676274,72.38338864668493,9493,8814.43220868627
1999,7,78.41255449551991,6640,407,287.5400555159157,130.28635468929312,8113,4992.297833002744
1999,8,55.60264231969921,7455,657,993.3332209482709,92.03677979831043,4316,6289.086277640591
1999,9,50.70513056184712,5428,777,477.3134541265426,272.34569961040154,7000,4822.679477963859
1999,10,52.26540061218466,2356,389,347.90618704991124,490.18888712933534,7153,2307.76680914457
1999,11,42.68122396960997,17074,993,102.3394163761296,404.3310908768473,8680,13089.795827455757
1999,12,75.94787761035033,16472,90,212.5207937044346,320.7605376198883,3041,11871.763507988791
2000,1,86.1537199367409,3560,983,780.8581218091275,268.9872213853907,5844,3956.9938725615343
2000,2,86.89569978756269,6183,409,684.3077558340472,327.7318959643587,2395,5279.092784331394
2000,3,20.903114254066942,4598,373,321.8557615746556,219.21198938448507,8774,3532.457393803906
2000,4,78.52311148155657,11645,252,934.3028055115334,130.27338214021162,5278,8715.075684121652
2000,5,27.995915773474994,4475,316,852.1192054507445,315.39814411953967,9880,3622.5194598831463
2000,6,11.096051052211545,4884,833,342.3464482099906,287.6464800507478,4254,4569.097399534462
2000,7,34.7913131751322,12352,666,397.0790847214863,475.04150951839074,8381,9589.186743007867
2000,8,36.358173840876205,4663,114,266.27827310096063,342.4247811788254,4254,3585.1916035509857
2000,9,82.88101486750853,15503,530,678.3029639538471,398.04372898892984,4017,11912.246482015018
2000,10,76.81566837184927,7573,760,731.0236789133909,91.71577214846222,9649,6140.87148875844
2000,11,17.62161132593205,15172,500,456.29299823816376,392.4216502693289,1718,11638.91963871094
2000,12,39.33651770089475,5311,888,763.44283241983,492.2819767109601,6700,5169.327164456365
2001,1,32.61698620121489,8556,562,992.4099863667761,345.8730025591631,7001,7009.983318169043
2001,2,63.59096690074301,12104,274,650.7533865955855,383.93766667190806,3730,9214.79541320696
2001,3,58.7360775926257,4882,504,684.3554701840029,490.78456084600447,3512,4534.547436188106
2001,4,71.10215250194864,2733,53,436.4581470109136,226.07362537746877,1312,2311.3684718650456
2001,5,91.96568487864913,7279,643,109.52771967351914,420.8803310672375,4012,6088.529005311386
2001,6,47.896620182568896,5785,294,958.5292322491986,229.86163770359357,4975,4754.684301784933
2001,7,69.03316098095294,14173,598,795.1102348590384,241.66337750001662,3743,10987.561867195032
2001,8,92.65172425651005,16181,447,726.0113136464266,346.208848218782,1621,12395.423227326948
2001,9,58.75125259874975,15498,293,126.82950110515468,165.38862118494916,4034,11215.017023625274
2001,10,37.745288204522105,5126,896,783.1109304603167,496.751818786752,5211,5140.494509996156
2001,11,46.26101389680609,1682,842,703.075818726438,198.1542050737586,4350,2438.7909374056344
2001,12,77.91522909921316,11540,899,612.0155080648693,105.28248267045356,4624,9288.702360285732
2002,1,74.80100422954011,15963,693,661.2406386644188,195.14932565401912,9278,11994.68230626235
2002,2,77.35738615178961,11451,220,926.5295355285217,435.1848036300635,2248,8921.870083509846
2002,3,76.89672012496082,6126,75,106.02135518450679,191.26761696740704,4061,4401.231799724392
2002,4,92.84130088209653,2225,261,241.27494599894953,325.11002671090694,3374,2108.410115117258
2002,5,78.76046312555276,5741,704,905.2814771814298,470.8940948707931,9327,5184.183265182899
2002,6,86.989337751075,2240,951,107.38959985319526,166.98472540102637,6745,2594.830376759131
2002,7,61.634048555442085,13081,214,913.272528591176,109.11439763410448,8124,9491.38502640487
2002,8,67.97542480675983,16029,688,126.66866666237655,93.58171243840351,1361,12137.437533339817
2002,9,97.09475266173276,11875,988,801.4040075317731,248.16569019062047,4344,9850.393794039666
2002,10,88.32707883862793,9021,91,901.8308900251715,96.92901618032337,2842,6768.451366870897
2002,11,79.96242165729646,15748,830,651.274532700906,254.2137833616225,5673,12245.712037674777
2002,12,71.6963178109949,18087,705,677.2969474736086,438.22262261777917,6397,13848.361459421263
2003,1,42.26664139985383,8622,603,145.507358736711,399.8677226173843,4103,6957.181079744013
2003,2,59.33130073799168,11850,87,289.8020967819374,311.7653840483624,8152,8395.833472506492
2003,3,14.96153696256428,8014,883,909.524600301018,432.69012775323927,7552,7017.229578710647
2003,4,47.4550074643766,6523,754,841.3444203763138,95.12152156935869,1135,5856.9909555073355
2003,5,20.070677596148286,16129,694,153.59290754612843,324.2379631849778,7112,12089.230077183709
2003,6,75.57755823203868,9574,591,831.68659990237,102.03861691668033,2086,7762.171659552063
2003,7,90.30858734078979,6281,656,481.1360566119593,266.96273507087665,8708,5198.778519899495
2003,8,25.667469612028725,3437,476,604.6504008863144,258.5580698178394,1208,3380.59233538015
2003,9,32.11150454198623,7623,81,197.56491217519874,169.3199142190553,6804,5327.363291978433
2003,10,87.12828482979774,3730,500,458.7796352222002,423.43458688293,1513,3705.466703535394
2003,11,62.72489578587395,18338,244,491.41946257420074,152.7024496713042,4046,13284.580718455249
2003,12,62.947799454263425,6920,347,702.5395107488007,298.35241080738285,6359,5501.821456037263
2004,1,60.65887281812711,11088,431,691.7817730059111,267.01760526416416,8401,8381.542798087648
2004,2,29.643468465269933,2169,566,593.987032323727,244.24349506807079,3393,2483.5446279243033
2004,3,31.897271368037536,3982,532,128.3013880621217,65.09396668007025,6086,3246.13679865965
2004,4,95.46788039308917,13193,657,245.35095836023476,363.5302366852186,2033,10352.603020659923
2004,5,75.1123136896122,2182,748,244.24225542472868,55.708404497480934,2195,2485.77602058536
2004,6,18.139103835881947,9272,328,898.9591892894654,419.24624186694007,8370,7159.747987498332
2004,7,30.0644444492751,18542,279,911.5387076206218,169.87756405611069,6069,13528.03222046723
2004,8,66.44039690627889,6460,561,825.8484293626975,104.00244419708243,9939,5145.443390667614
2004,9,35.511884823155455,18478,411,257.391433589863,237.6683039072629,6722,13406.47453002344
2004,10,32.65602904059516,19773,441,856.1364615097424,301.71224737084253,3077,14823.458962759853
2004,11,28.2113193702826,7421,375,268.8349542420616,189.66319636622248,5806,5621.059048422181
2004,12,26.715417718298642,9283,780,599.1676271704079,104.80314782548287,5324,7511.895913377768
2005,1,65.19975235932137,17574,324,760.4887194253092,58.247273277670615,6774,12727.254823480042
2005,2,91.52639414935365,18639,155,146.40490491001157,366.71595930972484,3639,13456.712793576551
2005,3,42.50186703726032,16805,477,638.1363835519867,448.89610714809686,5330,12712.032101534609
2005,4,20.935774123855463,14567,797,326.0201685261683,95.23447460589111,4514,11148.602650216819
2005,5,21.186940841688596,7877,552,548.0708268682473,153.78519496770474,5053,6272.500541522645
2005,6,94.03207344087808,11412,910,445.51203187301377,59.10312215665013,1837,9252.921616384732
2005,7,57.5861930306082,17203,855,717.9206425535962,448.2798058172709,8019,13347.296939509133
2005,8,51.965695960997834,18388,989,540.271298529322,250.13234715772006,6619,14164.004833397596
2005,9,90.16671195550963,1463,439,371.46720634897616,466.33784379111677,9851,1623.9092552087545
2005,10,55.640164361379036,10740,308,919.3228699166692,260.64469865078865,4268,8278.882170402276
2005,11,53.25390035637458,10710,545,963.1482603901974,437.98239786180625,8988,8467.581018982435
2005,12,93.39872802421314,14251,641,821.716883706079,478.2903927132091,4274,11288.967193110171
2006,1,52.70132106585679,8972,815,622.6668963911882,200.81825290492353,7528,7321.962686736361
2006,2,45.18649681966032,2629,466,895.9604372748379,338.31997483296175,9388,2588.0141679764247
2006,3,62.349591877002446,12225,817,641.5059608610212,349.88900136926645,1063,10056.699599133219
2006,4,97.95083783804289,13580,627,233.94708568329278,59.63393083780714,8631,10013.101452031744
2006,5,96.7446138340309,9538,431,115.6846390051689,247.20312415832382,3083,7339.9443848520505
2006,6,79.80412636198933,1449,924,753.3231103093879,434.89752794229435,3736,2626.460758434673
2006,7,54.935277335868804,9897,875,777.2368860523011,475.82836811232943,4788,8456.832583934067
2006,8,89.3315537532787,12137,459,933.2433883569338,454.6493931764921,7679,9445.933586876696
2006,9,47.74446805412482,16514,660,841.8137647004573,487.8040698848924,1618,13021.405395819666
2006,10,67.61287402662978,4251,333,675.6241326498521,343.8688381038759,8811,3519.003359884492
2006,11,26.14841592721949,16731,220,271.2730919557944,154.75972328487958,8659,11786.554502896533
2006,12,69.51588820857137,11907,802,634.645434346163,308.9219770094999,5474,9564.888162236226
2007,1,34.84953244255156,5524,636,491.21664208675287,239.51478047764834,9780,4551.726352174369
2007,2,79.45776834894052,4547,671,308.8976223387035,166.39365896698024,2672,4146.440268624045
2007,3,47.26361451825161,16010,777,819.2161968689085,397.75376513773256,5910,12505.340124727072
2007,4,45.85688060920006,9032,577,234.60029741633835,333.1394284624273,7031,7053.549262374974
2007,5,77.19198827028231,6256,138,667.3052563183913,405.5468937895449,6284,4853.93400757473
2007,6,48.2786775252892,6249,840,649.678525747454,171.27080051752665,1106,5738.651040267157
2007,7,74.26192215246824,5375,236,373.25250507091755,456.748045528246,7017,4244.7269294337875
2007,8,86.95590044919238,8373,408,486.3152269447877,157.4211829636273,5427,6438.373975948898
2007,9,22.319077121122007,7880,340,204.91455975208703,320.8650862008315,1445,6195.974655664396
2007,10,53.11206963975976,1912,266,122.97962593128607,75.60259852988067,8145,1380.026235851661
2007,11,95.04203768533806,12961,686,111.71691346670619,293.4339207864134,3851,10035.2888521537
2007,12,83.09633062925724,15521,218,256.89032746074406,94.42553441833999,6708,11016.413178214687
2008,1,97.6251039389474,8572,422,880.2757612666658,199.49670274091497,6447,6735.898010342144
2008,2,87.42776110768678,4404,536,570.3478647200142,437.3101664139125,7104,3993.437394647471
2008,3,37.91978361271748,9382,414,205.40435746461958,452.0872918132488,2182,7410.594377161454
2008,4,26.12373490526761,10586,402,914.9455762539772,395.28433873104984,5775,8299.10865148507
2008,5,28.948762400038163,6931,455,611.9998906732285,215.4667063569635,4131,5619.756298728879
2008,6,29.52034644906597,4495,635,125.09697573994069,310.4252667451678,7540,3838.675500791522
2008,7,16.816275536903774,4146,434,786.4560235371778,150.79053487980133,4932,3628.984169133363
2008,8,91.61155836790915,5324,95,526.0916378765644,355.25713781492,9671,3906.8330681221923
2008,9,55.229373035934394,9539,919,579.5768501825557,206.33135828052778,3794,8016.189923637035
2008,10,19.11440779869048,8362,327,651.9041700582688,149.4493708646279,3596,6449.63936989968
2008,11,78.63774461230472,18559,337,185.00535492995576,313.23666105494124,2274,13647.575662007437
2008,12,39.30766588911881,8144,776,952.9661675780463,100.31098611540024,7204,6761.4590742026
2009,1,16.393375704277464,17818,719,329.85321500346464,359.01454127758353,5753,13472.654822476929
2009,2,27.078090188952956,8778,136,659.6490003041382,134.15244121790846,1985,6586.025334137607
2009,3,69.17948426471474,15589,860,870.0066697511098,299.05491244243547,9593,12090.360143677497
2009,4,81.46056660379668,1987,672,398.72578153984034,226.6288186784778,9501,2106.899029608878
2009,5,32.83090394916805,7505,61,664.7976638358301,304.81011984646625,6710,5507.410378216284
2009,6,61.9352443742501,11105,388,989.9894320873931,160.68284139820014,8844,8359.48177990037
2009,7,10.078530203133129,6790,504,866.6192948066513,189.67519345717116,4651,5631.892079757482
2009,8,35.05487235462041,4008,460,801.3562152194422,113.14449243802255,6718,3444.1994880916695
2009,9,26.34704396573757,17669,971,495.3701810643183,399.634540466298,1061,14001.54400195869
2009,10,16.88916021844374,5039,195,506.14258551721394,81.5504111286202,8915,3601.137945984993
2009,11,53.55057685693449,2575,141,536.9859041484441,219.3955306458136,1879,2299.9296693257093
2009,12,66.79139633489822,9820,892,721.388456999646,252.09355533074753,2182,8356.226949257343
2010,1,14.173871829107828,14019,642,229.90350415311107,137.8427953163004,3386,10622.378342479884
2010,2,22.410206127583336,13961,750,874.9252224595065,223.16972699000164,8857,10770.338183875352
2010,3,93.90620608852919,3691,735,116.27113976485717,238.13969949123032,4047,3551.6958766115904
2010,4,30.08015588512955,17382,590,252.9938257341958,150.94867594354503,7223,12744.705168320006
2010,5,78.39889718986068,2434,721,533.6329171628554,337.66508393358276,9072,2632.0992636088818
2010,6,77.29614954932003,12125,803,326.9052455793205,63.884302386008414,9384,9193.383008493138
2010,7,38.94242521385317,17948,704,429.0235286349604,138.90409872764445,9216,13259.519787802687
2010,8,28.370520932196403,14970,749,399.3247827436905,330.83373715771097,4366,11605.593583040503
2010,9,31.955549825415382,10542,259,342.0682594164724,332.38734842754144,8327,7693.624117693267
2010,10,60.93090702852126,6152,205,442.2487204289531,169.36816951304303,9844,4401.664950209333
2010,11,44.304311837795446,9781,460,554.75953244464,357.37215755177976,6826,7582.10249399075
2010,12,54.600882241183356,3940,218,528.7229211857104,261.4049667980818,2217,3358.5632389870098
2011,1,83.0451234847322,12084,676,830.7301538032847,287.2609981038713,7659,9494.483628914964
2011,2,55.206674631670296,12898,864,377.33055406957874,199.67466347367892,2313,10291.808945189843
2011,3,99.5706033164628,16926,338,353.7194275944439,492.92254466965187,2974,12680.839831190495
2011,4,69.92504234357583,11429,349,554.0039112063503,381.8242521422721,3653,8802.51426576563
2011,5,28.652289231268597,10186,611,143.14091163051432,161.79345478282272,8353,7654.0947301189535
2011,6,54.95669039109411,10074,315,200.62926411776124,156.45347581559537,3376,7486.191165193052
2011,7,83.20759497672981,13633,457,822.7791891306442,398.3780720706765,6768,10447.625471043057
2011,8,29.647138140055258,10626,683,544.3385156805642,224.60491423823999,2558,8548.607678584147
2011,9,75.6479924779193,16670,851,159.88184380262066,91.18037985682389,6834,12518.744425346085
2011,10,13.010413077179097,19758,924,496.344631569139,66.01996084305785,5620,14920.501151678227
2011,11,94.83704482599633,16795,908,458.4379321090647,236.28020749067338,2500,13132.852958709766
2011,12,69.70255744730017,10528,69,321.52103363439795,236.6186202340156,4998,7558.238831002201
2012,1,24.631327378142263,5449,282,434.8929208073168,368.08551595517906,5461,4360.597831795688
2012,2,88.68652294405564,1695,842,269.51986278265144,308.6472448465805,6906,2257.6660454075663
2012,3,17.363861280010955,16040,104,504.1536087415177,396.55406051031935,6124,11573.225974756384
2012,4,46.53360672815991,8537,290,467.67530034952557,192.9885077515992,6103,6382.039646275423
2012,5,76.325440563949,12207,267,646.7503152889798,330.91316262064333,2933,9288.919073371562
2012,6,94.36659646269386,13543,476,947.8937959327171,448.566254421483,6269,10531.729155166033
2012,7,41.39292401553042,6164,998,266.9162587170024,81.1791741913176,4477,5471.6705374744215
2012,8,84.74601078670605,18378,774,475.69683856787697,368.8030998106689,5541,14043.755521720797
2012,9,27.707703189874355,15463,739,605.9984785568183,372.14735505599225,8590,11828.590279093123
2012,10,13.159933224830525,8538,104,592.2921194743377,407.3136305872498,5889,6371.77184322494
2012,11,12.588488496329386,18730,958,695.2065674271324,171.07129390236213,8759,14247.206713190199
2012,12,69.23534420929596,1843,226,341.13734129676106,237.4343993031455,5491,1640.3558856310665
2013,1,23.878657534201608,18059,530,671.0957135837136,157.8687554055987,5047,13421.84802839352
2013,2,14.529187935075417,14320,173,281.05312891602784,188.8618505552137,7532,10130.317798830134
2013,3,97.9072773248468,17546,699,212.90999126574027,485.82882161774285,5707,13361.257578186878
2013,4,31.781104149671105,6058,909,848.4805002031333,250.54430343576547,2627,5763.821480592426
2013,5,51.6299034681596,16064,316,526.3659168256204,431.8486013032304,9626,11725.386401929267
2013,6,65.17730252079255,8219,427,457.5495934514548,407.6959342925703,2259,6703.421849905747
2013,7,23.001043296188065,15436,680,935.6631759257305,250.0367135797743,4587,11979.831430107515
2013,8,42.14519746197717,3671,255,738.7816496501466,496.48060887457746,7502,3212.1127529986134
2013,9,68.29361602916237,1858,645,709.4158951809123,428.3512335265339,8772,2298.763427014041
2013,10,67.5785545727164,11041,917,274.83375439103503,267.21277695211654,5888,8897.176606006791
2013,11,85.78515778630313,3514,794,288.3323879169525,189.36755650125167,6858,3376.3704023142677
2013,12,49.368018947927894,17954,69,534.791220287394,83.88254809869991,3711,12768.2070348098
2014,1,90.08448629976604,12367,121,687.0733917868591,259.15995727438246,8958,8883.99831158114
2014,2,71.39734619727112,10185,896,455.7452687402651,212.00445654297405,2618,8460.512184951662
2014,3,60.58946754113119,10359,644,157.76674101809414,370.11959745868865,9799,7924.186572267704
2014,4,20.54231434543729,5345,865,714.7260384887318,58.85526392306031,3093,4977.737416356295
2014,5,61.723352092863884,1387,125,796.3761317972165,424.15145043088614,2681,1666.458787756924
2014,6,63.52048160256507,11990,962,949.8722289106836,237.48266200613887,5678,9868.153269430846
2014,7,78.29239445745723,4366,338,467.89095215270953,261.3796619149881,7871,3512.114016928976
2014,8,74.722516073517,9238,292,332.243249914255,132.2555800588607,1429,7016.337250179986
2014,9,57.69821614113594,16833,325,933.2272049174244,471.8669457986178,4088,12742.574098562713
2014,10,63.354625425069976,14231,479,743.6249574194974,229.27423936386077,8566,10618.006648390026
2014,11,79.5108440831246,13860,336,157.58767232824803,429.2261589513453,3376,10374.052988778985
2014,12,41.62962359231209,15453,663,622.0246065382937,156.85405579771486,4873,11765.363594913284
2015,1,22.14740040404748,17864,996,125.67399347468005,93.49564842088012,8778,13400.14899389406
2015,2,88.68694424523554,10223,169,303.87162673381863,336.09243644567783,1650,7717.563808162842
2015,3,96.85168976988145,13069,297,163.85760027146432,492.98742045474324,5701,9719.332343323616
2015,4,48.63743548606852,18513,388,284.40223927686475,341.1237063003666,8380,13415.40227807956
2015,5,99.12788103499238,19388,836,540.9304327527333,323.92090550221434,6116,14799.756974749766
2015,6,39.04254233503312,11807,367,368.979836362409,249.0038231110996,1058,9024.082301477185
2015,7,15.991668468165742,12820,989,179.21136754365915,177.71058269455335,4070,10170.621658592647
2015,8,61.52136230698763,1531,766,533.8542759438608,243.8749659160049,1523,2344.3802760567014
2015,9,88.1380616092253,13222,727,737.6394992992457,117.0306253460659,1539,10489.265885678387
2015,10,65.57336364127544,7326,866,147.81275742936572,167.85804441046673,3780,6197.3577730278475
2015,11,10.848443341923383,6025,370,894.1622118331157,269.32343912561714,4879,4997.653648995188
2015,12,11.064941327487574,11090,316,687.762850834811,115.15800185864269,3423,8335.698935882387
2016,1,75.19159655779774,10928,332,567.4973280181632,406.18931874513186,8666,8200.156407164357
2016,2,86.08086961427182,8210,534,456.68517129063633,55.202594045939044,3844,6458.637324200791
2016,3,32.77330382105431,16756,619,453.95895039009025,194.71704110928874,4123,12624.321752327118
2016,4,52.311795108632744,10427,280,402.00290260079214,282.4931571907688,4623,7820.15607269988
2016,5,96.49818104387258,3140,242,204.15641934829637,468.02651171347543,4236,2773.638977243909
2016,6,51.451667524890695,5217,576,171.31769867987742,308.0534942175849,5480,4400.982315531207
2016,7,22.223268946721173,18108,899,377.94725663085273,182.70678920670022,7732,13675.582673510504
2016,8,92.04877060046945,17777,394,700.3576399315067,208.48580930575375,4247,13191.217047700658
2016,9,54.56509022749888,18847,306,359.55492183602615,202.6215275867836,6554,13555.764576655649
2016,10,40.98762478439885,16615,580,831.0384573698487,131.16622080929704,6355,12461.877626812142
2016,11,18.768945016541718,11164,233,442.2615806631159,115.18190459651325,7478,7993.239501990473
2016,12,51.244146736821065,19681,753,668.0742263209972,266.2859421970845,5862,14896.779702628874
2017,1,79.27054921545567,14928,851,488.7220978448217,171.61746851152594,2931,11703.885350128616
2017,2,74.5465909094273,13756,625,548.0438425549451,91.32929069224485,2265,10590.25704335024
2017,3,54.69288852786409,5560,827,325.1445128890995,147.41539556983548,1106,5098.897521107636
2017,4,74.75818114235413,3155,893,562.4821705112046,284.3267331184829,9916,3271.888672048894
2017,5,41.56845115430556,11296,237,199.5877633091708,165.60195275790204,3035,8266.402045786524
2017,6,76.1741382277176,3179,728,448.09082297150945,156.98398208936425,1445,3378.4968847755786
2017,7,17.71607424253226,18485,798,503.47086740580033,329.29542309168016,2336,14248.853253348469
2017,8,27.93106300733865,17223,115,733.5963509605235,360.23736438382986,8309,12366.110545665886
2017,9,88.99509899196433,6537,337,460.1990600872321,158.56064992520442,9107,4881.513469398176
2017,10,36.42898662678324,1995,100,698.8924051514146,262.4635792213611,5170,1766.494709676116
2017,11,28.534725502086445,10377,843,257.154518082849,394.05503885933433,9531,8233.961484518613
2017,12,18.010232932163106,16301,618,122.70344142967976,360.45691637181267,5322,12241.986077442843
2018,1,45.36594949567444,19215,133,555.3527238834968,81.18082622016107,4354,13698.638468968096
2018,2,16.028386750835807,7690,237,526.4837043415353,212.03186177004113,6573,5724.174592059694
2018,3,54.72824139594556,17910,232,702.7772455068908,375.474061346217,9448,12948.59507688593
2018,4,92.72842632699634,12058,823,382.1907362875525,130.74687069026555,6093,9429.96059744366
2018,5,80.84209106755928,18427,552,126.87882329729277,138.1672321528401,1355,13697.33774135389
2018,6,13.660639269761372,15811,568,751.2126443627941,333.57726850209076,8589,11894.60333343618
2018,7,36.97823476944379,17164,386,947.9904352140532,177.68792911103156,7272,12651.522153948234
2018,8,26.887985467118767,6157,203,454.83719247480803,195.6876922482123,5992,4604.382016579194
2018,9,16.024586963824802,10876,167,650.0150025093858,285.2670286577547,6714,7979.9820614403825
2018,10,19.777649318169225,2239,400,590.2184912288154,387.76127765039655,4954,2357.9701777840696
2018,11,91.73299353066092,11249,680,609.4013126870648,274.22998860783673,7813,8812.987169802083
2018,12,37.907489355741745,1099,403,880.6385921022453,452.0420963768068,6580,1652.2774530772372
2019,1,45.30014886057363,11153,259,762.7030950726947,97.98836842678222,8174,8123.551849067481
2019,2,53.71307814895268,9292,282,792.8077708968756,389.3671526495365,8827,7047.626623991715
2019,3,77.04361883329429,8447,173,181.03375480991087,294.63718705891597,8211,6058.508998684291
2019,4,81.85334266770235,4075,639,232.0367219488259,417.50893111485004,1968,3994.8955060438752
2019,5,96.73565885847385,5246,182,696.9741558952115,192.381467439282,1806,4288.688375345331
2019,6,28.961026355270633,19473,264,586.4120067175891,266.9456511296719,2555,14279.142871391752
2019,7,37.095956062792624,7162,817,796.8504883542057,420.6189739027599,8172,6258.178369751894
2019,8,38.16646436933896,3963,50,183.76598781989998,424.3016225113578,8279,2842.878708522554
2019,9,50.07329139786999,6531,389,609.8384090498832,219.1957115530493,7001,5138.573886837988
2019,10,82.66639162813749,4607,435,537.4624574889194,419.9881978520442,5504,4056.5001768485063
2019,11,31.55104769779738,17346,284,869.2181889022909,357.0792934438344,4541,12903.63786267927
2019,12,80.4629589906684,12499,686,268.4340755557057,234.2432855400602,2607,9786.965918349566
2020,1,28.363601654066294,17129,662,413.8418253705292,486.3674709052394,5579,13082.917252492764
2020,2,73.91328554775987,15840,626,235.42431475516682,63.902444493427765,8106,11612.74879556995
2020,3,81.91011878647102,5219,827,506.5592495379497,222.1982999485522,9725,4575.265011192576
2020,4,86.8405366733016,3560,296,893.2652313576938,188.12869038744094,4047,3191.113162722772
2020,5,55.92569872965332,2418,227,703.3001299550675,471.0922016311702,3516,2479.0523757932774
2020,6,39.58434879749859,8858,356,769.8689043526425,94.75395624692081,2620,6904.858846698719
2020,7,79.51458100012832,16035,886,184.00319033965621,332.61100249193476,8040,12259.477230225233
2020,8,38.88248114443072,11910,346,506.82334116752577,372.48261140876133,1922,9171.056465364452
2020,9,23.327989856326035,8197,491,854.8033207290882,132.8791208126957,6496,6458.656401526983
2020,10,85.12178038260635,6015,126,853.7316477564452,117.47638135103031,7492,4463.7982139418555
2020,11,47.011683678132805,5625,629,989.2181747007894,71.52409994141667,4577,4948.211809327187
2020,12,61.375038970746466,9377,841,573.4367461845393,121.49384021500447,9186,7461.587447014124
2021,1,92.65996417617868,7445,673,101.86428626686683,413.69676631792066,4565,6211.647057343685
2021,2,22.22169591108045,15354,524,909.1544463189778,474.78027490437756,6417,11817.580798404755
2021,3,60.146550680102465,12275,361,960.5770437200014,455.6400084952972,9738,9322.08337162751
2021,4,60.28881324832865,16577,427,934.9715832209256,214.38715809537834,3950,12488.777608784749
2021,5,87.57021752184308,11643,277,794.7201313152111,376.64397928314406,8958,8697.123277800627
2021,6,40.71330750912908,3565,796,290.7234558135799,422.1696518753825,6654,3600.5873691523666
2021,7,46.10926806885376,6510,853,225.15136752074588,415.61846983968417,1301,5953.474306221721
2021,8,56.73638456602861,7454,819,730.7974031291211,78.20822568430819,5882,6299.503957729333
2021,9,25.047998402029798,7624,529,226.3807077437811,146.6736680738582,5174,5926.187690285739
2021,10,52.359525498940855,11185,617,957.9840984394884,472.5252188151241,9800,8860.14192804797
2021,11,49.247361480724045,18531,829,501.24499370504526,382.95777476195957,1482,14430.145084387575
2021,12,27.76550275149651,11766,445,127.73355398857454,425.4585821551156,2767,9043.759969061157
2022,1,84.97202669179224,13572,390,235.5342404751761,281.3554608816096,6553,9993.292451361838
2022,2,48.79303855487534,7342,121,361.433061536556,226.87522181178255,1414,5557.736029464345
2022,3,37.54593194666326,6921,455,733.3792317434129,343.0506438413441,7995,5586.485726817129
2022,4,21.733681294197332,18875,507,763.5630923188063,262.7855257080288,5408,14072.607403449254
2022,5,18.07730149332547,3142,773,291.7226828384647,218.19295068655467,5598,3137.62687773467
2022,6,96.42042040510115,17278,111,683.6999783734599,206.5440034791731,2373,12591.156246346038
2022,7,99.56380942513006,15406,554,128.6446315483959,121.05814742741127,2202,11541.694926537448
2022,8,90.81328454228736,1758,497,192.56763263587578,288.23593518850305,7664,1805.1515110599132
2022,9,51.27682889264036,1566,77,581.5096074471057,283.9309568260831,4724,1430.8901545905887
2022,10,82.71241838308774,8116,906,733.4412758975508,315.84629738433665,5811,7059.748033855068
2022,11,85.0853978732088,14094,546,922.9305315418666,102.300644863814,2556,10885.58605352827
2022,12,36.98282895765239,16640,717,493.9772286582666,461.71534886400315,2201,12988.770632081356
